EffectsizeID,StudyID,Age,Name_year,Article_num,Sample_Num,Items_num,g,vg,Grey_Lit,Design,Students,Retention_Interval,Intentionality,Transfer_Retention,Simultaneity,ZMean_within,ZMean_between,ZMean_complex,ZMean_fam,ZMean_cur,Spaced,Regression_Analysis,Regression_Analysis_With_Outlier,Regression_Analysis_IndependentStudies,Regression_Analysis_Students,Regression_Analysis_Visual,Regression_Analysis_Artifical,Regression_Analysis_RetentionInterval,Regression_Analysis_Simultaneity,Regression_Analysis_Age,Regression_Analysis_Spacing,Regression_Analysis_TransferRetention
1,1,20.57384615,Birnbaum et al. (2013),40,1,3,0.626438469,0.020798598,0,1,1,0,0,1,0,0.890990884,0.431072596,-0.892240049,0.651271792,-0.604974006,notspaced,0,0,0,0,0,1,0,1,1,0,1
2,2,20.57384615,Birnbaum et al. (2013),40,2,3,0.020907417,0.018882362,0,1,1,0,0,1,0,0.890990884,0.431072596,-0.892240049,0.651271792,-0.604974006,spaced,1,1,1,1,1,1,0,1,1,0,1
3,3,33.58,Birnbaum (2013),39,1,0,0.269025533,0.041523767,1,1,0,0,0,1,0,-0.610527743,0.255397019,-0.124691076,0.04695123,-0.653574147,-1,0,0,0,1,0,1,0,1,0,1,1
4,4,33.58,Birnbaum (2013),39,2,0,0.717868827,0.052483223,1,1,0,0,0,1,0,-0.610527743,0.255397019,-0.124691076,0.04695123,-0.653574147,-1,0,0,0,1,0,1,0,1,0,1,1
5,5,32.4,Birnbaum (2013),39,3,0,0.558293345,0.021287855,1,1,0,0,0,1,0,-0.610527743,0.255397019,-0.124691076,0.04695123,-0.653574147,-1,0,0,0,1,0,1,0,1,0,1,1
6,6,32.4,Birnbaum (2013),39,4,0,0.352972533,0.029250561,1,1,0,0,1,1,0,-0.610527743,0.255397019,-0.124691076,0.04695123,-0.653574147,-1,1,0,1,1,1,1,0,1,1,1,1
7,7,31.14,Birnbaum (2013),39,5a,0,0.724615745,0.107801639,1,0,0,0,0,1,0,0.129978645,-0.562885927,-0.227039561,0.054892766,-1.066771479,-1,1,0,1,1,1,1,0,1,1,1,1
8,7,31.14,Birnbaum (2013),39,5b,0,-0.595925813,0.104791706,1,0,0,0,1,1,0,-0.355106123,1.166531649,-0.261201288,0.099961267,-0.990213972,-1,1,0,1,1,1,1,0,1,1,1,1
9,7,31.14,Birnbaum (2013),39,5c,0,-0.388818902,0.102882063,1,0,0,0,1,1,0,-0.039373771,-0.553403846,-0.320072067,0.133055101,-0.760756874,-1,1,0,1,1,1,1,0,1,1,1,1
10,8,35.4,Birnbaum (2013),39,6,3,0.195059149,0.025903507,1,1,0,0,0,1,0,0.890990884,0.431072596,-0.892240049,0.651271792,-0.604974006,-1,0,0,0,1,0,1,0,1,0,1,1
11,9,21,Kenney (2009),38,1,0,0.822138064,0.039616279,1,1,1,0,0,0,0,-0.610527743,0.255397019,-0.124691076,0.04695123,-0.653574147,-1,0,0,0,0,0,1,0,1,0,1,1
12,10,24,Kenney (2009),38,2a,0,0.485202145,0.041950487,1,1,1,0,0,1,0,-0.610527743,0.255397019,-0.124691076,0.04695123,-0.653574147,-1,0,0,0,0,0,1,0,1,0,1,0
13,10,24,Kenney (2009),38,2b,0,0.859500942,0.051887477,1,1,1,0,0,0,0,-0.610527743,0.255397019,-0.124691076,0.04695123,-0.653574147,-1,0,0,1,0,0,1,0,1,0,1,0
14,11,26,Kenney (2009),38,3,1,1.133103902,0.053446585,1,1,1,0,0,1,0,0.858993353,0.740982162,0.03436998,-1.253917829,0.831913407,-1,1,0,1,1,1,1,0,1,1,1,1
15,12,20.7,Archambault (2014),10,1,3,0.967139237,0.079306657,1,0,1,0,0,1,0,-0.470231431,0.443037352,-0.148496381,0.370041571,-0.94099991,-1,0,0,0,0,0,1,0,1,0,1,1
16,13,19.7,Archambault (2014),10,2,1,0.067305096,0.017435063,1,1,1,0,0,1,0,1.85023064,1.48497977,-0.676909178,-1.366684106,0.915873386,-1,0,0,0,0,0,0,0,1,0,1,1
17,14,22.4,Archambault (2014),10,3,5,-0.197208036,0.049748747,1,1,1,0,0,1,0,-0.071322744,-0.500236813,0.786744504,1.19273676,0.501973424,-1,0,0,0,0,1,1,1,1,0,1,1
18,15,22.4,Archambault (2014),10,4,5,-0.101407776,0.045058743,1,1,1,1,0,1,0,-0.071322744,-0.500236813,0.786744504,1.19273676,0.501973424,-1,0,0,0,0,1,1,1,1,0,1,1
19,16,20.57384615,Carpenter & Mueller (2013),31,1a,4,-0.851330203,0.074462735,0,1,1,0,0,0,0,0.072831125,-1.273093969,-0.770090335,-0.282749834,-0.416787337,-1,0,0,1,0,1,1,1,1,1,1,0
20,16,20.57384615,Carpenter & Mueller (2013),31,1b,4,-0.23943662,0.055043941,0,1,1,0,0,1,0,0.072831125,-1.273093969,-0.770090335,-0.282749834,-0.416787337,-1,0,0,0,0,1,1,1,1,1,1,0
21,17,20.57384615,Carpenter & Mueller (2013),31,2a,4,-0.624787776,0.050106642,0,1,1,0,0,0,0,0.072831125,-1.273093969,-0.770090335,-0.282749834,-0.416787337,-1,0,0,1,0,1,1,1,1,1,1,0
22,17,20.57384615,Carpenter & Mueller (2013),31,2b,4,-0.322807018,0.043779174,0,1,1,0,0,1,0,0.072831125,-1.273093969,-0.770090335,-0.282749834,-0.416787337,-1,0,0,0,0,1,1,1,1,1,1,0
23,18,20.57384615,Carpenter & Mueller (2013),31,3a,4,-0.31372549,0.042077607,0,1,1,0,0,1,0,0.072831125,-1.273093969,-0.770090335,-0.282749834,-0.416787337,-1,0,0,0,0,1,1,1,1,1,1,0
24,18,20.57384615,Carpenter & Mueller (2013),31,3b,4,-0.770053476,0.052592686,0,1,1,0,0,0,0,0.072831125,-1.273093969,-0.770090335,-0.282749834,-0.416787337,-1,0,0,1,0,1,1,1,1,1,1,0
25,19,20.57384615,Carpenter & Mueller (2013),31,4a,4,-0.756803465,0.108429054,0,0,1,0,0,0,0,-0.385713235,-1.362269001,-0.817087586,-0.2120337,-1.190967376,-1,0,0,1,0,1,1,0,1,1,1,0
26,19,20.57384615,Carpenter & Mueller (2013),31,4b,4,-0.097902098,0.101018966,0,0,1,0,0,1,0,-0.385713235,-1.362269001,-0.817087586,-0.2120337,-1.190967376,-1,0,0,0,0,1,1,0,1,1,1,0
27,20,22,Carvalho & Albuquerque (2012),17,1,1,0.486320604,0.073061674,0,1,1,0,0,1,0,2.012331678,2.198558305,1.943779756,-1.623217147,1.347991723,-1,0,0,0,0,0,0,0,1,0,1,1
28,21,21,Carvalho & Albuquerque (2012),17,2,1,0.060790076,0.047355979,0,1,1,0,0,1,0,1.326081679,1.414566758,1.400667677,-1.617375136,0.834572801,-1,0,0,0,0,0,0,0,1,0,1,1
29,22,20.57384615,Carvalho & Goldstone (2012),22,1a,1,0.486720489,0.040606966,0,1,1,0,0,0,0,1.816017559,2.234545588,-0.415412329,-1.28537028,1.143777666,-1,0,0,1,0,0,0,0,0,1,1,0
30,22,20.57384615,Carvalho & Goldstone (2012),22,1b,1,0.522671434,0.041298701,0,1,1,0,0,1,0,1.816017559,2.234545588,-0.415412329,-1.28537028,1.143777666,-1,0,0,0,0,0,0,0,0,1,1,0
31,23,20.57384615,Carvalho & Goldstone (2012),22,2a,1,0.208682733,0.020388416,0,1,1,0,0,0,0,-1.00690083,-0.650629797,-0.699581923,-1.334231176,1.190422719,-1,0,0,1,0,0,0,0,0,1,1,0
32,23,20.57384615,Carvalho & Goldstone (2012),22,2b,1,-0.425988719,0.032187173,0,1,1,0,0,1,0,-1.00690083,-0.650629797,-0.699581923,-1.334231176,1.190422719,-1,0,0,0,0,0,0,0,0,1,1,0
33,24,20.57384615,Carvalho & Goldstone (2014a),22,1a,1,0.711647648,0.02995511,0,1,1,0,0,0,1,1.816017559,2.234545588,-0.415412329,-1.28537028,1.143777666,-1,0,0,1,0,0,0,0,0,1,1,0
34,24,20.57384615,Carvalho & Goldstone (2014a),22,1b,1,0.721782568,0.030133575,0,1,1,0,0,1,1,1.816017559,2.234545588,-0.415412329,-1.28537028,1.143777666,-1,0,0,0,0,0,0,0,0,1,1,0
35,25,20.57384615,Carvalho & Goldstone (2014a),22,2a,1,0.03664359,0.02145171,0,1,1,0,0,0,1,-1.00690083,-0.650629797,-0.699581923,-1.334231176,1.190422719,-1,0,0,1,0,0,0,0,0,1,1,0
36,25,20.57384615,Carvalho & Goldstone (2014a),22,2b,1,-0.073885443,0.02149722,0,1,1,0,0,1,1,-1.00690083,-0.650629797,-0.699581923,-1.334231176,1.190422719,-1,0,0,0,0,0,0,0,0,1,1,0
37,26,20.57384615,Carvalho & Goldstone (2014b),8,1a,1,0.564398937,0.024482528,0,1,1,0,0,0,0,1.816017559,2.234545588,-0.415412329,-1.28537028,1.143777666,-1,0,0,1,0,0,0,0,1,1,1,0
38,26,20.57384615,Carvalho & Goldstone (2014b),8,1b,1,0.485993356,0.023589847,0,1,1,0,0,1,0,1.816017559,2.234545588,-0.415412329,-1.28537028,1.143777666,-1,0,0,0,0,0,0,0,1,1,1,0
39,27,20.57384615,Carvalho & Goldstone (2014b),8,2a,1,0.359080485,0.018544308,0,1,1,0,0,0,0,-1.00690083,-0.650629797,-0.699581923,-1.334231176,1.190422719,-1,0,0,1,0,0,0,0,1,1,1,0
40,27,20.57384615,Carvalho & Goldstone (2014b),8,2b,1,0.100345779,0.017484452,0,1,1,0,0,1,0,-1.00690083,-0.650629797,-0.699581923,-1.334231176,1.190422719,-1,0,0,0,0,0,0,0,1,1,1,0
41,26,20.57384615,Carvalho & Goldstone (2014b),8,1c,1,0.646627403,0.025561906,0,1,1,0,0,0,0,1.816017559,2.234545588,-0.415412329,-1.28537028,1.143777666,-1,0,0,1,0,0,0,0,1,1,1,0
42,26,20.57384615,Carvalho & Goldstone (2014b),8,1d,1,0.582316363,0.024705232,0,1,1,0,0,1,0,1.816017559,2.234545588,-0.415412329,-1.28537028,1.143777666,-1,0,0,1,0,0,0,0,1,1,1,0
43,27,20.57384615,Carvalho & Goldstone (2014b),8,2c,1,0.148817893,0.017592137,0,1,1,0,0,0,0,-1.00690083,-0.650629797,-0.699581923,-1.334231176,1.190422719,-1,0,0,1,0,0,0,0,1,1,1,0
44,27,20.57384615,Carvalho & Goldstone (2014b),8,2d,1,0.096486326,0.017477679,0,1,1,0,0,1,0,-1.00690083,-0.650629797,-0.699581923,-1.334231176,1.190422719,-1,0,0,1,0,0,0,0,1,1,1,0
45,28,20.57384615,Carvalho & Goldstone (2014b),8,3a,1,-0.209934858,0.02929895,0,1,1,0,0,0,0,1.816017559,2.234545588,-0.415412329,-1.28537028,1.143777666,-1,0,0,1,0,0,0,0,1,1,1,0
46,28,20.57384615,Carvalho & Goldstone (2014b),8,3b,1,-0.116431956,0.028843021,0,1,1,0,0,1,0,1.816017559,2.234545588,-0.415412329,-1.28537028,1.143777666,-1,0,0,0,0,0,0,0,1,1,1,0
47,29,20.57384615,Carvalho & Goldstone (2014b),8,4a,1,-0.096505814,0.040182985,0,1,1,0,0,0,0,-1.00690083,-0.650629797,-0.699581923,-1.334231176,1.190422719,-1,0,0,1,0,0,0,0,1,1,1,0
48,29,20.57384615,Carvalho & Goldstone (2014b),8,4b,1,-0.032827832,0.041498836,0,1,1,0,0,1,0,-1.00690083,-0.650629797,-0.699581923,-1.334231176,1.190422719,-1,0,0,0,0,0,0,0,1,1,1,0
49,30,20.57384615,Carvalho & Goldstone (2015a),28,1a,1,-0.423360423,0.031318334,0,1,1,0,0,0,0,1.316518841,1.550122887,-0.129087795,-1.556647777,1.510797817,-1,0,0,1,0,0,0,0,1,1,1,0
50,31,20.57384615,Carvalho & Goldstone (2015a),28,2a,1,0.315997367,0.029371932,0,1,1,0,0,0,0,1.316518841,1.550122887,-0.129087795,-1.556647777,1.510797817,-1,0,0,1,0,0,0,0,1,1,1,0
51,30,20.57384615,Carvalho & Goldstone (2015a),28,1b,1,-0.296673024,0.029955471,0,1,1,0,0,1,0,1.316518841,1.550122887,-0.129087795,-1.556647777,1.510797817,-1,0,0,0,0,0,0,0,1,1,1,0
52,31,20.57384615,Carvalho & Goldstone (2015a),28,2b,1,0.345738295,0.029658234,0,1,1,0,0,1,0,1.316518841,1.550122887,-0.129087795,-1.556647777,1.510797817,-1,0,0,0,0,0,0,0,1,1,1,0
53,32,20.57384615,Carvalho & Goldstone (2015a),28,3,1,-0.300128231,0.017915888,0,1,1,0,0,1,0,1.036954038,1.388113997,0.121612478,-1.832106377,1.49057653,-1,0,0,0,0,0,0,0,1,1,1,1
54,33,20.57384615,Carvalho & Goldstone (2015a),28,4,1,0.316362225,0.019848772,0,1,1,0,0,1,0,1.036954038,1.388113997,0.121612478,-1.832106377,1.49057653,-1,0,0,0,0,0,0,0,1,1,1,1
55,34,20.57384615,Dobson (2011),7,1a,5,0.166471359,0.044189855,0,0,1,1,0,0,0,-0.163751673,-1.145281274,1.493778574,0.745881141,0.010503977,-1,0,0,0,0,1,1,1,1,1,1,1
56,34,20.57384615,Dobson (2011),7,1b,5,0.08944962,0.044080346,0,0,1,1,0,0,0,-0.163751673,-1.145281274,1.493778574,0.745881141,0.010503977,-1,0,0,1,0,1,1,0,1,1,1,1
57,34,20.57384615,Dobson (2011),7,1c,5,0.012522244,0.044036766,0,0,1,1,0,0,0,-0.163751673,-1.145281274,1.493778574,0.745881141,0.010503977,-1,0,0,1,0,1,1,0,1,1,1,1
58,34,20.57384615,Dobson (2011),7,1d,5,0.078144702,0.044069821,0,0,1,1,0,0,0,-0.163751673,-1.145281274,1.493778574,0.745881141,0.010503977,-1,0,0,1,0,1,1,1,1,1,1,1
59,35,20.57384615,Dobson (2011),7,2a,5,0.007419672,0.039882056,0,0,1,1,0,0,0,-0.163751673,-1.145281274,1.493778574,0.745881141,0.010503977,-1,0,0,0,0,1,1,1,1,1,1,1
60,35,20.57384615,Dobson (2011),7,2b,5,-0.199997973,0.040083794,0,0,1,1,0,0,0,-0.163751673,-1.145281274,1.493778574,0.745881141,0.010503977,-1,0,0,1,0,1,1,0,1,1,1,1
61,35,20.57384615,Dobson (2011),7,2c,5,-0.149950076,0.039995339,0,0,1,1,0,0,0,-0.163751673,-1.145281274,1.493778574,0.745881141,0.010503977,-1,0,0,1,0,1,1,0,1,1,1,1
62,35,20.57384615,Dobson (2011),7,2d,5,-0.042365588,0.039890843,0,0,1,1,0,0,0,-0.163751673,-1.145281274,1.493778574,0.745881141,0.010503977,-1,0,0,1,0,1,1,1,1,1,1,1
63,36,32.50666667,Dwyer et al. (2004),21,1,6,0.827758603,0.169645264,0,0,0,0,0,0,0,2.251903745,0.083539652,-2.79096884,-0.187992224,2.353982886,-1,1,1,1,1,1,1,0,1,1,1,1
64,37,32.50666667,Dwyer et al. (2004),21,2,6,1.020902277,0.177083954,0,0,0,0,0,0,0,2.251903745,0.083539652,-2.79096884,-0.187992224,2.353982886,-1,1,1,1,1,1,1,0,1,1,1,1
65,38,32.50666667,Dwyer et al. (2004),21,3,6,-0.090659276,0.155541822,0,0,0,0,0,0,0,2.251903745,0.083539652,-2.79096884,-0.187992224,2.353982886,-1,1,1,1,1,1,1,0,1,1,1,1
66,39,20.57384615,Dwyer et al. (2011),36,1a,3,0.345299836,0.04582568,0,1,1,0,1,0,0,-0.031369497,0.366034171,-0.60390508,0.885394412,0.693085793,distract,0,0,1,0,0,1,0,1,1,0,1
67,39,20.57384615,Dwyer et al. (2011),36,1b,3,0.695939078,0.054235132,0,1,1,0,1,0,0,-0.031369497,0.366034171,-0.60390508,0.885394412,0.693085793,distract,0,0,1,0,0,1,0,1,1,0,1
68,39,20.57384615,Dwyer et al. (2011),36,1c,3,0.858383623,0.060050847,0,1,1,0,1,0,0,-0.031369497,0.366034171,-0.60390508,0.885394412,0.693085793,notspaced,0,0,1,0,0,1,0,1,1,0,1
69,40,20.4,Friedman (2013),33,1,0,1.851059693,0.08201437,1,1,1,0,0,1,0,-0.610527743,0.255397019,-0.124691076,0.04695123,-0.653574147,-1,0,0,0,0,0,1,1,1,0,1,1
70,41,20.4,Friedman (2013),33,2,0,1.820311193,0.080280895,1,1,1,0,0,0,0,-0.610527743,0.255397019,-0.124691076,0.04695123,-0.653574147,-1,0,0,0,0,0,1,1,1,0,1,1
71,42,20.8,Friedman (2013),33,3a,0,1.033503681,0.026918257,1,1,1,0,0,1,0,-0.610527743,0.255397019,-0.124691076,0.04695123,-0.653574147,-1,0,0,0,0,0,1,1,1,0,1,0
72,42,20.8,Friedman (2013),33,3b,0,1.102497847,0.028232242,1,1,1,0,0,0,0,-0.610527743,0.255397019,-0.124691076,0.04695123,-0.653574147,-1,0,0,1,0,0,1,1,1,0,1,0
73,43,32.6,Friedman (2013),33,4,0,0.275680256,0.017792365,1,1,0,0,0,1,0,-0.610527743,0.877911276,-0.070593164,-0.022322219,-0.409563684,-1,0,0,0,1,0,1,1,1,0,1,1
74,44,26,Hausman & Kornell (2014),18,1,4,0.484608235,0.079855099,0,0,0,1,0,0,0,-1.423294023,-2.442096917,-1.044726584,-0.897133414,0.764286478,-1,0,0,0,1,1,1,1,1,0,1,1
75,45,32.50666667,Hausman & Kornell (2014),18,2,4,-0.258651031,0.050724439,0,0,0,1,0,0,0,-1.423294023,-2.442096917,-1.044726584,-0.897133414,0.764286478,-1,0,0,0,1,1,1,1,1,1,1,1
76,45,32.50666667,Hausman & Kornell (2014),18,3,4,0,0.042754641,0,0,0,1,0,0,0,-1.423294023,-2.442096917,-1.044726584,-0.897133414,0.764286478,-1,0,0,0,1,1,1,1,1,1,1,1
77,46,20.57384615,Higgins & Ross (2011),5,1a,1,0.635387445,0.101112427,0,0,1,0,0,0,1,0.245090198,-0.050201759,-0.222999203,-1.383775307,1.253756995,-1,0,0,1,0,0,0,0,0,1,1,0
78,46,20.57384615,Higgins & Ross (2011),5,1b,1,0.601293485,0.100585385,0,0,1,0,0,1,1,0.245090198,-0.050201759,-0.222999203,-1.383775307,1.253756995,-1,0,0,0,0,0,0,0,0,1,1,0
79,47,20.57384615,Higgins & Ross (2011),5,2,3,0.374900822,0.158298729,0,0,1,0,0,1,1,0.880368256,0.550300469,-1.723825559,0.842675557,-0.95880196,-1,0,0,0,0,0,1,0,0,1,1,1
80,48,20.57384615,Higgins & Ross (2011),5,3,3,0.258600075,0.156763799,0,0,1,0,0,1,0,0.880368256,0.550300469,-1.723825559,0.842675557,-0.95880196,-1,0,0,0,0,0,1,0,0,1,1,1
81,49,20.57384615,Higgins & Ross (2011),5,4,2,-1.369652485,0.362188166,0,0,1,0,0,1,0,0.404853673,0.463655084,1.36706721,0.798923969,-0.301425137,-1,0,0,0,0,1,1,0,1,1,1,1
82,50,20.57384615,Kang & Pashler (2012),15,1,0,0.734315533,0.093799725,0,0,1,0,0,1,0,0.230311869,1.313823399,0.306086268,-0.188611761,-1.115657221,-1,0,0,0,0,0,1,0,1,1,1,1
83,51,20.57384615,Kang & Pashler (2012),15,2a,0,0.547918163,0.067448095,0,0,1,0,0,1,0,0.230311869,1.313823399,0.306086268,-0.188611761,-1.115657221,-1,0,0,0,0,0,1,0,0,1,1,1
84,51,20.57384615,Kang & Pashler (2012),15,2b,0,0.749246233,0.069624392,0,0,1,0,0,1,1,0.230311869,1.313823399,0.306086268,-0.188611761,-1.115657221,-1,0,0,1,0,0,1,0,0,1,1,1
85,52,20.57384615,Kornell & Bjork (2008),13,1,0,1.076491228,0.015706889,0,1,1,0,0,1,0,-0.610527743,0.255397019,-0.124691076,0.04695123,-0.653574147,-1,0,0,0,0,0,1,0,1,1,1,1
86,53,20.57384615,Kornell & Bjork (2008),13,2,0,1.151849068,0.063580821,0,0,1,0,0,1,0,-0.610527743,0.255397019,-0.124691076,0.04695123,-0.653574147,-1,0,0,0,0,0,1,0,1,1,1,1
87,54,20.57384615,Kornell & Bjork (2008),13,3,0,0.430641822,0.018801258,0,1,1,0,0,1,0,-0.610527743,0.255397019,-0.124691076,0.04695123,-0.653574147,-1,0,0,0,0,0,1,0,1,1,1,1
88,55,21,Kornell et al. (2010),24,1,0,0.538617886,0.037896824,0,1,1,0,0,0,0,-0.610527743,0.255397019,-0.124691076,0.04695123,-0.653574147,-1,0,0,0,0,0,1,0,1,0,1,1
89,56,77,Kornell et al. (2010),24,3,0,0.290324707,0.045020814,0,1,0,0,0,0,0,-0.610527743,0.255397019,-0.124691076,0.04695123,-0.653574147,-1,1,0,1,1,1,1,0,1,1,1,1
90,57,21,Kornell et al. (2010),24,2,0,0.352303523,0.035029322,0,1,1,0,0,0,0,-0.137519935,0.31302913,-0.117659342,0.179692754,-0.684431933,-1,0,0,1,0,0,1,0,1,0,1,1
91,58,77,Kornell et al. (2010),24,4,0,0.306173698,0.045238569,0,1,0,0,0,0,0,-0.137519935,0.417813279,-0.076041181,0.179692754,-0.684431933,-1,0,0,1,1,0,1,0,1,1,1,1
92,59,20.57384615,Lavis & Mitchell (2006),9,1,1,1.295775737,0.120262188,0,1,1,0,0,0,0,2.05571518,2.238022507,1.672209941,-1.521917042,1.371735817,-1,0,0,0,0,0,0,0,1,1,1,1
93,60,20.57384615,Lavis & Mitchell (2006),9,2,1,0.595588493,0.074507308,0,1,1,0,0,0,0,2.05571518,2.238022507,1.672209941,-1.521917042,1.371735817,-1,0,0,0,0,0,0,0,1,1,1,1
94,61,22.7,Metcalfe & Xu (2015),20,1,0,1.079264783,0.026121884,0,1,1,0,0,1,0,-1.168130854,-0.406830399,-0.150513056,0.091430714,-0.579280128,-1,0,0,0,0,0,1,0,1,0,1,1
95,62,20.57384615,Mitchel et al. (2008),1,1,1,0.869859055,0.171134232,0,0,1,0,0,0,0,2.112324991,2.078433943,0.968975383,-1.458176273,1.259242537,-1,0,0,0,0,0,0,0,1,1,1,1
96,63,20.57384615,Mitchel et al. (2008),1,2,1,0.764506687,0.056541674,0,1,1,0,0,0,0,2.112324991,2.078433943,0.968975383,-1.458176273,1.259242537,-1,0,0,0,0,0,0,0,1,1,1,1
97,64,20.57384615,Mitchel et al. (2008),1,3,1,0.419145372,0.024323505,0,1,1,0,0,0,0,2.112324991,2.078433943,0.968975383,-1.458176273,1.259242537,-1,0,0,0,0,0,0,0,1,1,1,1
98,65,20.57384615,Mitchel et al. (2008),1,4,1,0.732757492,0.05544674,0,1,1,0,0,0,0,2.112324991,2.078433943,0.968975383,-1.458176273,1.259242537,-1,0,0,0,0,0,0,0,1,1,1,1
99,66,20.57384615,Mitchel et al. (2008),34,1,1,0.546323704,0.04995412,0,1,1,0,0,0,0,2.112324991,2.0321645,0.959947936,-1.417059995,1.110426702,-1,0,0,0,0,0,0,0,1,1,1,1
100,67,30,Noh et al. (2016),19,1,1,-0.476841955,0.060910987,0,0,0,0,0,0,0,0.062610438,0.200254398,-2.768345392,-0.341230469,0.423276838,-1,1,0,1,1,1,1,0,1,1,1,1
101,68,30,Noh et al. (2016),19,2,1,0.348788927,0.059946215,0,0,0,0,0,0,0,0.152542886,0.462297808,-2.555388398,0.433009457,0.195740802,-1,1,0,1,1,1,1,0,1,1,1,1
102,69,34.44,Noh et al. (2016),19,3,1,-0.423883937,0.048390969,0,0,0,0,0,0,0,-0.110595151,0.383407678,-2.732474986,-0.036280119,0.134080246,-1,1,0,1,1,1,1,0,1,1,1,1
103,70,34.44,Noh et al. (2016),19,4,1,0.29138768,0.036575933,0,0,0,0,0,0,0,0.441814161,0.296986673,-2.268329604,-0.163900256,0.332795256,-1,1,0,1,1,1,1,0,1,1,1,1
104,71,12,Rau et al. (2010),2,1a,2,-0.586977854,0.075482226,0,0,0,1,0,1,0,0.906064942,-0.538596115,-0.389186544,1.598666899,-0.621497935,-1,0,0,0,1,1,1,1,1,0,1,1
105,71,12,Rau et al. (2010),2,1b,2,-0.833274647,0.078736213,0,0,0,1,0,1,0,0.906064942,-0.538596115,-0.389186544,1.598666899,-0.621497935,-1,0,0,1,1,1,1,1,1,0,1,1
106,71,12,Rau et al. (2010),2,1c,2,-0.409005683,0.07383332,0,0,0,1,0,1,0,0.906064942,-0.538596115,-0.389186544,1.598666899,-0.621497935,-1,0,0,1,1,1,1,1,1,0,1,1
107,71,12,Rau et al. (2010),2,1d,2,-0.124436877,0.072421217,0,0,0,1,0,1,0,0.906064942,-0.538596115,-0.389186544,1.598666899,-0.621497935,-1,0,0,1,1,1,1,1,1,0,1,1
108,72,12,Rau et al. (2010),2,2a,2,-0.342100025,0.073168263,0,0,0,1,0,1,0,0.906064942,-0.538596115,-0.389186544,1.598666899,-0.621497935,-1,0,0,0,1,1,1,1,1,0,1,1
109,72,12,Rau et al. (2010),2,2b,2,-0.698258659,0.076577118,0,0,0,1,0,1,0,0.906064942,-0.538596115,-0.389186544,1.598666899,-0.621497935,-1,0,0,1,1,1,1,1,1,0,1,1
110,72,12,Rau et al. (2010),2,2c,2,-0.562178825,0.075097747,0,0,0,1,0,1,0,0.906064942,-0.538596115,-0.389186544,1.598666899,-0.621497935,-1,0,0,1,1,1,1,1,1,0,1,1
111,72,12,Rau et al. (2010),2,2d,2,-0.278450721,0.073031614,0,0,0,1,0,1,0,0.906064942,-0.538596115,-0.389186544,1.598666899,-0.621497935,-1,0,0,1,1,1,1,1,1,0,1,1
112,73,20.57384615,Richland et al. (2005),16,1a,5,-0.151638695,0.065222356,0,0,1,1,0,1,0,0.058058235,-0.466518756,0.294511615,0.005526984,0.918342882,-1,0,0,0,0,1,1,0,1,1,1,1
113,73,20.57384615,Richland et al. (2005),16,1b,5,0.31330433,0.065848734,0,0,1,1,0,1,0,0.058058235,-0.466518756,0.294511615,0.005526984,0.918342882,-1,0,0,1,0,1,1,0,1,1,1,1
114,74,20.57384615,Rohrer & Taylor (2007),37,2,2,1.276190476,0.246802721,0,0,1,1,0,1,0,1.208886117,-0.494584111,1.175932476,0.775629165,-0.416096186,-1,0,0,0,0,1,1,0,1,1,1,1
115,75,18.62,Sana et al. (2017),26,1,2,0.682538694,0.0330813,0,0,1,0,0,1,0,0.093065909,0.057576395,2.049503371,1.191621808,0.783081338,-1,0,0,0,0,1,1,0,1,0,1,1
116,76,18.31,Sana et al. (2017),26,2,2,0.854490757,0.062109805,0,0,1,0,0,1,0,0.093065909,0.057576395,2.049503371,1.191621808,0.783081338,notspaced,0,0,0,0,1,1,0,1,0,0,1
117,77,18.31,Sana et al. (2017),26,3,2,-0.174457616,0.057688203,0,0,1,0,0,1,0,0.093065909,0.057576395,2.049503371,1.191621808,0.783081338,spaced,1,1,1,1,1,1,0,1,1,0,1
118,78,18.94,Sana et al. (2017),26,4,2,0.493622174,0.061685996,0,0,1,0,0,1,0,0.093065909,0.057576395,2.049503371,1.191621808,0.783081338,-1,0,0,0,0,1,1,0,0,0,1,1
119,79,18.94,Sana et al. (2017),26,5,2,0.220945112,0.057041265,0,0,1,0,0,1,1,0.093065909,0.057576395,2.049503371,1.191621808,0.783081338,-1,0,0,0,0,1,1,0,0,0,1,1
120,80,33.58,Sorensen & Woltz (2016),3,1a,4,-0.932630828,0.058047302,0,0,0,0,1,1,1,-2.055313912,-2.424252555,-2.3443085,1.375758821,-0.789567536,-1,0,0,1,1,1,1,0,1,0,1,0
121,80,33.58,Sorensen & Woltz (2016),3,1b,4,-0.600040042,0.054648954,0,0,0,0,1,0,1,-2.055313912,-2.424252555,-2.3443085,1.375758821,-0.789567536,-1,0,0,1,1,1,1,0,1,0,1,0
122,81,37,Verkoeijen & Bouwmeester (2014),12,1,0,0.416025978,0.010760591,0,1,0,0,0,1,0,-0.610527743,0.255397019,-0.124691076,0.04695123,-0.653574147,-1,0,0,0,1,0,1,0,1,0,1,1
123,82,20.57384615,Wahlheim et al. (2011),25,1a,3,0.197394778,0.039776463,0,1,1,0,0,1,0,0.900073385,0.405153836,-1.370900273,0.920027923,-1.077669146,-1,0,0,0,0,0,1,1,0,1,1,0
124,83,20.57384615,Wahlheim et al. (2011),25,2a,3,0.85537737,0.088053861,0,1,1,0,0,1,1,0.900073385,0.405153836,-1.370900273,0.920027923,-1.077669146,-1,0,0,0,0,0,1,1,0,1,1,0
125,82,20.57384615,Wahlheim et al. (2011),25,1b,3,0.197394778,0.024661456,0,1,1,0,0,0,0,0.900073385,0.405153836,-1.370900273,0.920027923,-1.077669146,-1,0,0,1,0,0,1,1,0,1,1,0
126,83,20.57384615,Wahlheim et al. (2011),25,2b,3,0.789579111,0.044335769,0,1,1,0,0,0,1,0.900073385,0.405153836,-1.370900273,0.920027923,-1.077669146,-1,0,0,1,0,0,1,1,0,1,1,0
127,84,19.5,Wahlheim et al. (2011),25,3a,3,0.31782156,0.024662522,0,1,1,0,0,1,0,0.900073385,0.405153836,-1.370900273,0.920027923,-1.179259101,-1,0,0,0,0,0,1,1,0,0,1,0
128,85,19.5,Wahlheim et al. (2011),25,4a,3,0.183872504,0.022165927,0,1,1,0,0,1,1,0.900073385,0.405153836,-1.370900273,0.920027923,-1.179259101,-1,0,0,0,0,0,1,1,0,0,1,0
129,84,19.5,Wahlheim et al. (2011),25,3b,3,0.37079182,0.025107817,0,1,1,0,0,0,0,0.900073385,0.405153836,-1.370900273,0.920027923,-1.179259101,-1,0,0,1,0,0,1,1,0,0,1,0
130,85,19.5,Wahlheim et al. (2011),25,4b,3,0.255378479,0.022521309,0,1,1,0,0,0,1,0.900073385,0.405153836,-1.370900273,0.920027923,-1.179259101,-1,0,0,1,0,0,1,1,0,0,1,0
135,88,20.57384615,Zulkiply & Burt (2013a),11,1,0,0.643987578,0.062408909,0,1,1,0,0,1,0,-0.610527743,0.255397019,-0.124691076,0.04695123,-0.653574147,-1,0,0,0,0,0,1,1,1,1,1,1
136,89,20.57384615,Zulkiply & Burt (2013a),11,2,0,0.551989352,0.059367742,0,1,1,1,0,1,0,-0.610527743,0.255397019,-0.124691076,0.04695123,-0.653574147,-1,0,0,0,0,0,1,1,1,1,1,1
137,90,20.57384615,Zulkiply & Burt (2013a),11,3,5,0.421224579,0.055850217,0,1,1,0,0,1,0,-0.569462743,-0.76235621,0.927459574,1.437552018,0.403502684,-1,0,0,0,0,1,1,1,1,1,1,1
138,91,20.57384615,Zulkiply & Burt (2013a),11,4,5,0.192758186,0.051973032,0,1,1,1,0,1,0,-0.569462743,-0.76235621,0.927459574,1.437552018,0.403502684,-1,0,0,0,0,1,1,1,1,1,1,1
139,92,20.57384615,Zulkiply & Burt (2013b),32,1,0,0.815045561,0.104369703,0,0,1,0,0,1,0,-0.610527743,0.255397019,-0.124691076,0.04695123,-0.653574147,notspaced,0,0,0,0,0,1,0,1,1,0,1
140,93,20.57384615,Zulkiply & Burt (2013b),32,2,0,1.061557779,0.110152273,0,0,1,0,0,1,0,-0.610527743,0.255397019,-0.124691076,0.04695123,-0.653574147,spaced,1,1,1,1,1,1,0,1,1,0,1
141,94,20.57384615,Zulkiply & Burt (2013b),32,3,1,-0.746207828,0.066336722,0,1,1,0,0,1,0,-1.014825399,-0.714400174,-0.786635817,-1.542087294,0.963698985,-1,0,0,0,0,0,0,0,1,1,1,1
142,95,20.57384615,Zulkiply & Burt (2013b),32,4,1,1.337512661,0.100392353,0,1,1,0,0,1,0,-2.235443583,1.050410965,0.032532326,-1.368100892,1.162691768,-1,0,0,0,0,0,0,0,1,1,1,1
143,96,20.57384615,Zulkiply et al. (2012),23,1,5,1.52,0.058510147,0,1,1,0,0,1,0,-0.569462743,-0.76235621,0.927459574,1.437552018,0.403502684,-1,0,0,0,0,1,1,0,1,1,1,1
144,97,20.57384615,Zulkiply et al. (2012),23,2,5,0.644807777,0.032326458,0,1,1,0,0,1,0,-0.569462743,-0.76235621,0.927459574,1.437552018,0.403502684,-1,0,0,0,0,1,1,0,1,1,1,1
145,98,20.57384615,Zulkiply (2013),6,1,5,0.590321946,0.060578035,0,1,1,0,0,1,0,-0.569462743,-0.76235621,0.927459574,1.437552018,0.403502684,-1,0,0,0,0,1,1,1,1,1,1,1
146,99,20.57384615,Zulkiply (2013),6,2,5,0.227289733,0.052373948,0,1,1,1,0,1,0,-0.569462743,-0.76235621,0.927459574,1.437552018,0.403502684,-1,0,0,0,0,1,1,1,1,1,1,1
147,100,20.57384615,Zulkiply (2015),35,1,0,1.572936381,0.040754175,0,1,1,0,0,1,0,-0.610527743,0.255397019,-0.124691076,0.04695123,-0.653574147,-1,0,0,0,0,0,1,0,1,1,1,1
148,101,20.57384615,Zulkiply (2015),35,2,0,1.820733812,0.048502061,0,1,1,0,0,1,0,-0.610527743,0.255397019,-0.124691076,0.04695123,-0.653574147,-1,0,0,0,0,0,1,0,1,1,1,1
149,102,32.50666667,Yan (2014),14,1,0,0.368107415,0.008211303,1,1,0,0,0,1,0,-0.610527743,0.255397019,-0.124691076,0.04695123,-0.653574147,-1,0,0,0,1,0,1,1,1,1,1,1
150,103,32.50666667,Yan (2014),14,2,0,0.36017316,0.009255774,1,1,0,0,0,1,0,-0.610527743,0.255397019,-0.124691076,0.04695123,-0.653574147,-1,0,0,0,1,0,1,1,1,1,1,1
151,104,32.50666667,Yan (2014),14,3,0,0.699159664,0.018448204,1,1,0,0,0,1,0,-0.610527743,0.255397019,-0.124691076,0.04695123,-0.653574147,-1,0,0,0,1,0,1,1,1,1,1,1
152,105,32.50666667,Yan (2014),14,4,0,0.542009569,0.011844989,1,1,0,0,0,1,0,-0.610527743,0.255397019,-0.124691076,0.04695123,-0.653574147,-1,0,0,0,1,0,1,1,1,1,1,1
153,106,20.57384615,Yan (2014),14,5,0,0.721454871,0.06334979,1,0,1,0,0,1,0,-0.610527743,0.255397019,-0.124691076,0.04695123,-0.653574147,-1,0,0,0,0,0,1,1,1,1,1,1
154,107,19.9,Yan (2014),14,6,0,0.893544883,0.062612242,1,0,1,0,0,1,0,-0.610527743,0.255397019,-0.124691076,0.04695123,-0.653574147,-1,0,0,0,0,0,1,1,1,0,1,1
155,108,20.83,Yan (2014),14,7,0,0.7626921,0.04512654,1,0,1,0,0,1,0,-0.610527743,0.255397019,-0.124691076,0.04695123,-0.653574147,-1,0,0,0,0,0,1,1,1,0,1,1
156,109,20.57384615,Yan (2014),14,8,0,0.944720828,0.018054442,1,1,1,0,0,1,0,-0.610527743,0.255397019,-0.124691076,0.04695123,-0.653574147,-1,0,0,0,0,0,1,1,1,1,1,1
157,110,12,Rohrer et al. (2014),27,1,2,1.04049896,0.015052748,0,1,0,1,0,1,0,0.666184174,-0.998521729,0.931668298,1.0434012,-0.770033626,-1,1,0,1,1,1,1,0,1,0,1,1
158,111,10.5,Taylor (2008),29,1,2,1.074431705,0.179420663,1,0,0,0,0,1,0,0.897870723,0.536130828,0.202137125,0.751122355,-0.137486614,-1,0,0,0,1,1,1,0,1,0,1,1
161,114,20.57384615,Wright (2017),42,1a,0,0.550449695,0.05093374,1,0,1,0,0,1,0,-0.610527743,0.255397019,-0.124691076,0.04695123,-0.502137953,-1,0,0,0,0,0,1,0,1,1,1,0
162,114,20.57384615,Wright (2017),42,1b,0,0.655984365,0.051729494,1,0,1,0,0,0,0,-0.610527743,0.255397019,-0.124691076,0.04695123,-0.502137953,-1,0,0,1,0,0,1,0,1,1,1,0
163,115,20.57384615,Monteiro et al. (2017),43,1,1,-0.664215527,0.080391224,1,0,1,1,0,1,0,0.914761952,0.385947245,1.506895437,-1.435603267,0.471173008,-1,0,0,0,0,0,0,0,1,1,1,1
164,116,19.9,Yan et al. (2017),44,1,0,0.619086275,0.062310174,0,0,1,0,0,1,0,-0.070234726,0.203663629,-0.177539352,0.146405708,-0.256020226,-1,0,0,0,0,0,1,0,1,0,1,1
165,117,19.9,Yan et al. (2017),44,2,0,0.946717993,0.062700289,0,0,1,0,0,1,0,-0.070234726,0.203663629,-0.177539352,0.146405708,-0.256020226,-1,0,0,0,0,0,1,0,1,0,1,1
171,123,19.75,Eglington & Kang (2017),46,1,1,0.590560479,0.067852656,0,0,1,1,0,1,0,0.629053799,1.19079822,0.430228636,0.022277713,0.411191652,-1,0,0,0,0,0,0,1,1,0,1,1
172,124,18.76,Eglington & Kang (2017),46,2,1,0.605603524,0.068002606,0,0,1,1,0,1,0,0.718610267,1.176998272,0.430229903,-0.078001875,-0.684036098,-1,0,0,0,0,0,0,1,1,0,1,1
173,125,19.08,Eglington & Kang (2017),46,3,1,0.546583042,0.067435918,0,0,1,1,0,1,0,0.868698679,1.23839367,1.060124304,0.160981538,-0.565667584,-1,0,0,0,0,0,0,1,1,0,1,1
174,126,19.9,Eglington & Kang (2017),46,4,1,0.610034713,0.068047495,0,0,1,1,0,1,0,0.882679818,1.196792332,1.133914278,0.123247315,-0.692997084,-1,0,0,0,0,0,0,1,1,0,1,1
175,127,20.57384615,Yan et al. (2016),48,1,0,0.834153132,0.012882598,0,1,1,0,0,1,0,-0.610527743,0.255397019,-0.124691076,0.04695123,-0.502137953,-1,0,0,0,0,0,1,0,1,1,1,1
176,128,32.50666667,Yan et al. (2016),48,2,0,0.298020559,0.019971751,0,1,0,0,0,1,0,-0.610527743,0.255397019,-0.124691076,0.04695123,-0.502137953,-1,0,0,0,1,0,1,0,1,1,1,1
177,129,32.50666667,Yan et al. (2016),48,3,0,0.496621811,0.01237912,0,1,0,0,0,1,0,-0.610527743,0.255397019,-0.124691076,0.04695123,-0.502137953,-1,0,0,0,1,0,1,0,1,1,1,1
178,130,32.50666667,Yan et al. (2016),48,4,0,0.36772631,0.008529173,0,1,0,0,0,1,0,-0.610527743,0.255397019,-0.124691076,0.04695123,-0.502137953,-1,0,0,0,1,0,1,0,1,1,1,1
179,131,32.50666667,Yan et al. (2016),48,5,0,0.426019918,0.009575962,0,1,0,0,0,1,0,-0.610527743,0.255397019,-0.124691076,0.04695123,-0.502137953,-1,0,0,0,1,0,1,0,1,1,1,1
180,132,32.50666667,Yan et al. (2016),48,6,0,0.479858772,0.011721963,0,1,0,0,0,1,0,-0.610527743,0.255397019,-0.124691076,0.04695123,-0.502137953,-1,0,0,0,1,0,1,0,1,1,1,1
181,133,32.50666667,Yan et al. (2016),48,7,0,0.423412545,0.006281311,0,1,0,0,0,1,0,-0.610527743,0.255397019,-0.124691076,0.04695123,-0.502137953,-1,0,0,0,1,0,1,0,1,1,1,1
182,134,20.57384615,Shah et al. (2016),49,1a,3,-0.215036364,0.06752105,0,0,1,0,0,1,0,1.60901541,1.089617785,1.428836025,-0.915308461,1.106967953,-1,0,0,0,0,0,1,1,1,1,1,1
183,134,20.57384615,Shah et al. (2016),49,1b,3,-0.136509584,0.069615506,0,0,1,1,0,1,0,1.60901541,1.089617785,1.428836025,-0.915308461,1.106967953,-1,0,0,0,0,0,1,1,1,1,1,1
184,135,23.09,Guzman-Munoz (2017),50,1a,0,0.825429474,0.058254108,0,1,1,0,0,1,0,-0.610527743,0.255397019,-0.124691076,0.04695123,-0.502137953,-1,0,0,0,0,0,1,0,1,0,1,0
185,135,23.09,Guzman-Munoz (2017),50,1b,0,0.871759626,0.060053391,0,1,1,0,0,0,0,-0.610527743,0.255397019,-0.124691076,0.04695123,-0.502137953,-1,0,0,1,0,0,1,0,1,0,1,0
186,136,21.2,Guzman-Munoz (2017),50,2a,0,0.664781926,0.057464953,0,1,1,0,0,1,0,-0.610527743,0.255397019,-0.124691076,0.04695123,-0.502137953,-1,0,0,0,0,0,1,0,1,0,1,0
187,136,21.2,Guzman-Munoz (2017),50,2b,0,0.534370161,0.053545684,0,1,1,0,0,0,0,-0.610527743,0.255397019,-0.124691076,0.04695123,-0.502137953,-1,0,0,1,0,0,1,0,1,0,1,0
188,137,21.2,Guzman-Munoz (2017),50,3a,0,0.923696993,0.067772442,0,1,1,0,0,1,0,-0.610527743,0.255397019,-0.124691076,0.04695123,-0.502137953,-1,0,0,0,0,0,1,0,1,0,1,0
189,137,21.2,Guzman-Munoz (2017),50,3b,0,1.119632718,0.077806258,0,1,1,0,0,0,0,-0.610527743,0.255397019,-0.124691076,0.04695123,-0.502137953,-1,0,0,1,0,0,1,0,1,0,1,0
190,138,21.2,Guzman-Munoz (2017),50,4a,0,0.923696993,0.067772442,0,1,1,0,0,1,0,-0.610527743,0.255397019,-0.124691076,0.04695123,-0.502137953,-1,0,0,0,0,0,1,0,1,0,1,0
191,138,21.2,Guzman-Munoz (2017),50,4b,0,0.746421812,0.060352348,0,1,1,0,0,0,0,-0.610527743,0.255397019,-0.124691076,0.04695123,-0.502137953,-1,0,0,1,0,0,1,0,1,0,1,0
192,139,21.2,Guzman-Munoz (2017),50,5a,0,0.699770449,0.058661501,0,1,1,0,0,1,0,-0.610527743,0.255397019,-0.124691076,0.04695123,-0.502137953,-1,0,0,0,0,0,1,0,1,0,1,0
193,139,21.2,Guzman-Munoz (2017),50,5b,0,0.839724539,0.064061304,0,1,1,0,0,0,0,-0.610527743,0.255397019,-0.124691076,0.04695123,-0.502137953,-1,0,0,1,0,0,1,0,1,0,1,0
194,140,20.57384615,Guzman-Munoz (2017),50,6a,0,0.604558695,0.03969187,0,1,1,0,0,1,0,-0.610527743,0.255397019,-0.124691076,0.04695123,-0.502137953,notspaced,0,0,0,0,0,1,1,1,1,0,1
195,140,20.57384615,Guzman-Munoz (2017),50,6b,0,0.746807799,0.043064236,0,1,1,1,0,1,0,-0.610527743,0.255397019,-0.124691076,0.04695123,-0.502137953,notspaced,0,0,1,0,0,1,1,1,1,0,1
196,141,20.57384615,Guzman-Munoz (2017),50,7a,0,0.640120971,0.040468402,0,1,1,0,0,1,0,-0.610527743,0.255397019,-0.124691076,0.04695123,-0.502137953,notspaced,0,0,0,0,0,1,1,1,1,0,1
197,141,20.57384615,Guzman-Munoz (2017),50,7b,0,0.782370076,0.044018261,0,1,1,1,0,1,0,-0.610527743,0.255397019,-0.124691076,0.04695123,-0.502137953,notspaced,0,0,1,0,0,1,1,1,1,0,1
198,142,20.57384615,Guzman-Munoz (2017),50,8a,0,0.18524416,0.036777123,0,1,1,0,0,1,0,-0.610527743,0.255397019,-0.124691076,0.04695123,-0.502137953,spaced,1,1,1,1,1,1,1,1,1,0,1
199,142,20.57384615,Guzman-Munoz (2017),50,8b,0,0.666878977,0.044631666,0,1,1,1,0,1,0,-0.610527743,0.255397019,-0.124691076,0.04695123,-0.502137953,spaced,1,1,1,1,1,1,1,1,1,0,1
200,143,20.57384615,Guzman-Munoz (2017),50,9a,0,-0.407537152,0.039298983,0,1,1,0,0,1,0,-0.610527743,0.255397019,-0.124691076,0.04695123,-0.502137953,spaced,1,1,1,1,1,1,1,1,1,0,1
201,143,20.57384615,Guzman-Munoz (2017),50,9b,0,0.572572859,0.042394644,0,1,1,1,0,1,0,-0.610527743,0.255397019,-0.124691076,0.04695123,-0.502137953,spaced,1,1,1,1,1,1,1,1,1,0,1
202,144,20.57384615,Carvalho & Goldstone (2017),51,1,1,0,0.010366719,0,1,1,0,0,1,0,0.276416502,0.938005431,-1.282875089,-1.354472722,1.40522614,-1,0,0,0,0,0,0,0,1,1,1,1
203,145,32.50666667,Moors (2013),52,1,1,-0.244444444,0.107057613,1,0,0,0,0,1,0,0.273889582,1.406361843,-0.906257865,-1.045512028,0.253154996,-1,0,0,0,1,0,0,0,1,1,1,1
204,146,32.50666667,Moors (2013),52,2,1,0.11238825,0.106403141,1,0,0,0,0,1,0,-0.258931913,0.372714917,-0.750890127,-1.240157297,0.427224619,-1,0,0,0,1,0,0,0,1,1,1,1
205,147,20.57384615,Patel et al. (2016),53,1a,2,0.425519027,0.057178036,0,0,1,0,0,1,0,0.789866209,0.195991647,-1.074859928,1.485893552,-1.926820195,-1,0,0,0,0,1,1,1,1,1,1,1
206,147,20.57384615,Patel et al. (2016),53,1b,2,0.536626773,0.057941621,0,0,1,0,0,1,0,0.789866209,0.195991647,-1.074859928,1.485893552,-1.926820195,-1,0,0,1,0,1,1,0,1,1,1,1
207,148,20.57384615,Patel et al. (2016),53,2a,2,0.417062056,0.034197478,0,0,1,0,0,1,0,0.789866209,0.195991647,-1.074859928,1.485893552,-1.926820195,-1,0,0,0,0,1,1,1,1,1,1,1
209,150,20.57384615,Phillips (2016),54,1,2,-0.322468798,0.046827739,0,0,1,1,0,1,0,0.71101033,0.001536748,1.181188441,-0.529386675,-0.5578777,-1,0,0,0,0,1,1,1,1,1,1,1
210,151,20.57384615,Phillips (2016),54,2,2,0.617691876,0.047900589,0,0,1,1,0,1,0,0.71101033,0.001536748,1.181188441,-0.529386675,-0.5578777,-1,1,0,1,1,1,1,1,1,1,1,1
217,155,20.57384615,Gane (2006),56,1a,2,0.307871733,0.070384114,1,0,1,0,0,0,0,-0.89991894,-0.623289346,0.987677219,0.8859083,0.253798077,-1,0,0,1,0,1,1,0,1,1,1,0
218,156,20.57384615,Gane (2006),56,2a,2,-0.171529234,0.076713177,1,0,1,0,0,0,0,-0.89991894,-0.623289346,0.987677219,0.8859083,0.253798077,-1,0,0,1,0,1,1,0,1,1,1,0
219,155,20.57384615,Gane (2006),56,1b,2,-0.06801519,0.069579123,1,0,1,0,0,1,0,-0.89991894,-0.623289346,0.987677219,0.8859083,0.253798077,-1,0,0,0,0,1,1,0,1,1,1,0
220,156,20.57384615,Gane (2006),56,2b,2,0.473884522,0.078589564,1,0,1,0,0,1,0,-0.89991894,-0.623289346,0.987677219,0.8859083,0.253798077,-1,0,0,0,0,1,1,0,1,1,1,0
221,155,20.57384615,Gane (2006),56,1c,2,0.149642908,0.069737757,1,0,1,0,0,1,0,-0.89991894,-0.623289346,0.987677219,0.8859083,0.253798077,-1,0,0,1,0,1,1,0,1,1,1,1
222,156,20.57384615,Gane (2006),56,2c,2,0.324668022,0.077443822,1,0,1,0,0,1,0,-0.89991894,-0.623289346,0.987677219,0.8859083,0.253798077,-1,0,0,1,0,1,1,0,1,1,1,1
223,157,12.25,Ziegler & Stern (2016),57,1a,2,1.139279787,0.050353123,0,0,0,1,0,1,0,0.261102428,0.183993684,0.381816496,1.441451744,-2.040121522,-1,0,0,0,1,1,1,1,1,0,1,1
224,158,12.75,Ziegler & Stern (2014),57,1a,2,0.375400202,0.055345884,0,0,0,1,0,1,0,0.261102428,0.183993684,0.381816496,1.441451744,-2.040121522,-1,0,0,0,1,1,1,1,1,0,1,1
225,157,12.25,Ziegler & Stern (2016),57,1b,2,1.006225214,0.048784611,0,0,0,1,0,1,0,0.261102428,0.183993684,0.381816496,1.441451744,-2.040121522,-1,0,0,1,1,1,1,1,1,0,1,1
226,158,12.75,Ziegler & Stern (2014),57,1b,2,0.52695929,0.056295611,0,0,0,1,0,1,0,0.261102428,0.183993684,0.381816496,1.441451744,-2.040121522,-1,0,0,1,1,1,1,1,1,0,1,1
227,157,12.25,Ziegler & Stern (2016),57,1c,2,0.920987127,0.047882018,0,0,0,1,0,1,0,0.261102428,0.183993684,0.381816496,1.441451744,-2.040121522,-1,0,0,1,1,1,1,1,1,0,1,1
228,158,12.75,Ziegler & Stern (2014),57,1c,2,0.379113944,0.061196032,0,0,0,1,0,1,0,0.261102428,0.183993684,0.381816496,1.441451744,-2.040121522,-1,0,0,1,1,1,1,1,1,0,1,1
229,159,12.5,Ziegler & Stern (2014),57,2a,2,0.4475779,0.026385687,0,0,0,1,0,1,0,0.261102428,0.183993684,0.381816496,1.441451744,-2.040121522,-1,0,0,0,1,1,1,1,1,0,1,1
230,159,12.5,Ziegler & Stern (2014),57,2b,2,0.494100334,0.026527924,0,0,0,1,0,1,0,0.261102428,0.183993684,0.381816496,1.441451744,-2.040121522,-1,0,0,1,1,1,1,1,1,0,1,1
231,159,12.5,Ziegler & Stern (2014),57,2c,2,0.745963166,0.02754197,0,0,0,1,0,1,0,0.261102428,0.183993684,0.381816496,1.441451744,-2.040121522,-1,0,0,1,1,1,1,1,1,0,1,1
234,161,9.5,Rau et al. (2012),59,1a,2,0.222740865,0.034854037,0,0,0,0,0,1,0,0.880088941,-1.813495536,-0.109584055,0.54366387,-0.10862581,-1,0,0,0,1,1,1,1,1,0,1,1
235,161,9.5,Rau et al. (2012),59,1b,2,0.220207373,0.034849157,0,0,0,0,0,1,0,0.880088941,-1.813495536,-0.109584055,0.54366387,-0.10862581,-1,0,0,1,1,1,1,1,1,0,1,1
236,161,9.5,Rau et al. (2012),59,1c,2,0.364105097,0.035214728,0,0,0,0,0,1,0,0.880088941,-1.813495536,-0.109584055,0.54366387,-0.10862581,-1,0,0,1,1,1,1,1,1,0,1,1
237,161,9.5,Rau et al. (2012),59,1d,2,0.244416352,0.034898062,0,0,0,0,0,1,0,0.880088941,-1.813495536,-0.109584055,0.54366387,-0.10862581,-1,0,0,1,1,1,1,1,1,0,1,1
238,161,9.5,Rau et al. (2012),59,1e,2,-0.107388985,0.034688467,0,0,0,1,0,1,0,0.880088941,-1.813495536,-0.109584055,0.54366387,-0.10862581,-1,0,0,0,1,1,1,1,1,0,1,1
239,161,9.5,Rau et al. (2012),59,1f,2,0.453726481,0.035533403,0,0,0,1,0,1,0,0.880088941,-1.813495536,-0.109584055,0.54366387,-0.10862581,-1,0,0,1,1,1,1,1,1,0,1,1
240,161,9.5,Rau et al. (2012),59,1h,2,0.249632339,0.034909266,0,0,0,1,0,1,0,0.880088941,-1.813495536,-0.109584055,0.54366387,-0.10862581,-1,0,0,1,1,1,1,1,1,0,1,1
241,161,9.5,Rau et al. (2012),59,1g,2,0,0.034638326,0,0,0,1,0,1,0,0.880088941,-1.813495536,-0.109584055,0.54366387,-0.10862581,-1,0,0,1,1,1,1,1,1,0,1,1
242,162,20,de Crook & Merrienboer (2007),60,1a,5,0.07545267,0.109281664,0,0,1,0,0,1,0,-0.437541893,-0.615628115,2.408145389,-1.928871855,2.157146777,-1,0,0,1,0,1,1,0,1,0,1,1
243,163,20,de Crook & Merrienboer (2007),60,2a,5,-0.699416754,0.119348457,0,0,1,0,0,1,0,-0.437541893,-0.615628115,2.408145389,-1.928871855,2.157146777,-1,0,0,1,0,1,1,0,1,0,1,1
244,162,20,de Crook & Merrienboer (2007),60,1b,5,-0.469490815,0.112349214,0,0,1,0,0,1,0,-0.437541893,-0.615628115,2.408145389,-1.928871855,2.157146777,-1,0,0,0,0,1,1,1,1,0,1,1
245,163,20,de Crook & Merrienboer (2007),60,2b,5,0.150318619,0.112486867,0,0,1,0,0,1,0,-0.437541893,-0.615628115,2.408145389,-1.928871855,2.157146777,-1,0,0,0,0,1,1,1,1,0,1,1
246,162,20,de Crook & Merrienboer (2007),60,1c,5,-0.669278798,0.115599392,0,0,1,1,0,1,0,-0.437541893,-0.615628115,2.408145389,-1.928871855,2.157146777,-1,0,0,1,0,1,1,1,1,0,1,1
247,163,20,de Crook & Merrienboer (2007),60,2c,5,-0.587026009,0.117222217,0,0,1,1,0,1,0,-0.437541893,-0.615628115,2.408145389,-1.928871855,2.157146777,-1,0,0,1,0,1,1,1,1,0,1,1
248,164,20.57384615,Hatala et al. (2003),61,1,1,0.991687416,0.066638757,0,0,1,0,0,1,0,0.914761952,0.385947245,1.506895437,-1.435603267,0.471173008,-1,0,0,0,0,0,0,0,1,1,1,1
257,169,32.50666667,Weitnauer et al. (2013),63,1,1,0.43537415,0.029206201,0,1,0,0,0,1,1,-1.064210921,-0.044100234,1.339081357,-1.733389751,1.717758194,-1,0,0,0,1,0,0,0,1,1,1,1
258,170,32.50666667,Weitnauer et al. (2013),63,2,1,0.806722689,0.035594525,0,1,0,0,0,1,1,-1.366073387,-0.047811635,1.538181222,-1.711946935,0.897576204,-1,0,0,1,1,0,0,0,1,1,1,1
259,171,20,de Crook & Merrienboer (2007),60,1,5,0.449065371,0.05831681,0,0,1,0,0,1,0,-0.437541893,-0.615628115,2.408145389,-1.928871855,2.157146777,-1,0,0,0,0,1,1,0,1,0,1,1
260,172,20.57384615,Carlson & Shin (1996),65,1,1,0.299125225,0.087863983,0,0,1,0,0,1,0,-0.44432063,-0.420861723,1.307718158,-0.902620676,0.480392505,-1,0,0,0,0,0,0,0,0,1,1,1
261,173,20.57384615,Carlson & Shin (1996),65,2,1,0.493867985,0.072914595,0,0,1,0,0,1,1,-0.44432063,-0.420861723,1.307718158,-0.902620676,0.480392505,-1,0,0,0,0,0,0,0,0,1,1,1
262,174,20.57384615,Carlson & Shin (1996),65,3,1,0,0.064734066,0,0,1,0,0,1,0,-0.44432063,-0.420861723,1.307718158,-0.902620676,0.480392505,-1,0,0,0,0,0,0,0,1,1,1,1
263,175,20.57384615,Carlson & Yaure (1990),66,1a,1,1.013675637,0.091327012,0,0,1,0,0,1,0,-0.44432063,-0.420861723,1.307718158,-0.902620676,0.480392505,-1,0,0,1,0,0,0,0,1,1,1,1
264,175,20.57384615,Carlson & Yaure (1990),66,1b,1,0.312337031,0.08163968,0,0,1,0,0,1,0,-0.44432063,-0.420861723,1.307718158,-0.902620676,0.480392505,-1,0,0,0,0,0,0,0,1,1,1,1
265,175,20.57384615,Carlson & Yaure (1990),66,1c,1,0.300979321,0.081567119,0,0,1,0,0,1,0,-0.44432063,-0.420861723,1.307718158,-0.902620676,0.480392505,-1,0,0,1,0,0,0,0,1,1,1,1
266,176,20.57384615,Carlson & Yaure (1990),66,2,1,0.650113516,0.121881233,0,0,1,0,0,1,0,-0.44432063,-0.420861723,1.307718158,-0.902620676,0.480392505,-1,0,0,0,0,0,0,0,1,1,1,1
